epoch	metric	loss	lr	time	iter
2	0.00922	3.76719	0.00000	32.3	438
